Nombre,Precio
REPELENTE EN CREMA DE INSECTOS OFF 200GR,Gs   19.900
REPELENTE DE MOSQUITOS MOSKILL DESINGEL 120ML,Gs   17.600
TABLETAS INSECTICIDA MATAMOSQUITOS 12 UNIDADES MATIRIS CAJA,Gs   6.600
CINTA ADHESIVA ESPIRAL MATA MOSCAS MAPEX 4Unidades,Gs   10.900
FUYI TABLETAS INSECTICIDAS REPELENTES CONTRA MOSQUITOS 24 UNIDADES,Gs   16.800
APARATO ELECT PARA TABLETAS MATAMOSQUITOS MATIRIS PAQUETE ,Gs   19.500
FUYI TABLETAS INSECTICIDAS REPELENTES CONTRA MOSQUITOS 12 UNIDADES,Gs   8.700
PORTA ESPIRAL MATIRIS DE CERAMICA,Gs   19.500
CALENTADOR ELECTRICO MAPEX CON TOMA GIRATORIA Y PASTILLAS,Gs   23.500
HORMIGUICIDA EN POLVO MAPEX 120gr,Gs   6.500
REPELENTE VAIS SPRAY200ML,Gs   17.900
ESPIRAL CON PALO SANTO 12 UNIDADES CIPERMAX CAJA,Gs   4.300
ESPIRAL MATAMOSQUITO 12 UNIDADES TREBOL,Gs   3.900
APARATO MATA MOSQUITO 45 NOCH,Gs   49.750
ESPIRAL TRILLIZAS 12UNID BASE BASE PAQUETE ,Gs   4.500
TABLETAS MATA MOSQUITOS RELAX 8UN MATIRIS BLIS,Gs   3.600
REPELENTE D/ INSECTOS STOP VAIS KIDS 200ML,Gs   18.500
EFECTRON TRAMPA PARA MOSCAS,Gs   5.500
REPELENTE AEROSOL OFF AEROSOL 165,Gs   34.400
TABLETAS MATA MOSQUITOS MATIRIS 8UN PAQ,Gs   3.600
OFF! FAMILY AEROSOL REPELENTE DE INSECTOS 131 GR,Gs   38.500
PASTILLA BASE BASE MATAMOSQUITO 10 UNIDADES ,Gs   4.500
ESPIRAL BASE BASE Ã‚Â  DOBLE 12 UNIDADES,Gs   4.300
TABLETAS MATA MOSQUITOS BRISA DEL CAMPO 8UN MATIRIS BLIS,Gs   3.600
EFECTRON TRAMPA PARA RATAS CLASICA,Gs   7.000
EFECTRON TRAMPA PARA RATAS,Gs   8.500
OFF! EXTRADURACION AEROSOL REPELENTE DE INSECTOS 142 GR,Gs   53.400
SUPERLIFE REPELENTE DE INSECTOS FAMILIAR CON ALOE VERA 200 ML,Gs   16.500
